PKR,1.75 Crore,"I-10/1, I-10",4,4,6 Marla,Ideal Location 50ft Gali I101 Pindi Face House For Sale,I-10/1 Ideal Location Level Plot 50ft Gali Pindi Face Size 25x55 Near By Park Face Documents... more
PKR,1.75 Crore,"I-10, Islamabad",3,2,5 Marla,5 Marla Beautifully Build House Available For Sale,Dimensions 25*50 About Amir associate: A Highly Experienced Service Providers in Bahria Town... more
PKR,2.9 Crore,"I-10, Islamabad",7,7,7 Marla,House Is Availiable For Sale,House Is Availiable For Sale In I-10 Islamabad. The property covers an area of 1575 Square Feet... more
PKR,2.8 Crore,"I-10/4, I-10",6,6,5.6 Marla,6 Marla Brand New House For Sale I-10-4,6 Marla Brand New House For Sale I-10-4 25×60 5 BEDROOMS 6 BATHROOMS 2 DINING room 2 TV Lounge ... more
PKR,2.7 Crore,"I-10/2, I-10",5,7,6 Marla,Double Storey House Is Available For Sale,"Double Story House Is Availiable For Sale In I-10/2 Islamabad. 5 bed 7 bed Double Dinning, Double... more"
PKR,1.5 Crore,"I-10/4, I-10",4,5,4.4 Marla,Double Storey House Is Available For Sale in I-10/1,"Double Storey House Is Available For Sale In I-10/4 Islamabad. 4 Bed, T. V Lounge 5 Bath, Tiles... more"
PKR,1.8 Crore,"I-10/4, I-10",4,4,4.4 Marla,Double Storey House Is Availiable For Sale,"Double Storey House Is Available For Sale In I-10/4 Islamabad. 4 Bath, Tiles Floor, Open Face, 50... more"
PKR,1.65 Crore,"I-10/1, I-10",5,4,4 Marla,Corner House Brand New Double Storey For Sale I-10/1,Corner Home Brand New Double Storey Size 20x40 Ideal Location. Reasonable Price. Please Feel Free... more
PKR,1.75 Crore,"I-10/4, I-10",5,5,5 Marla,5 Marla Double Storey House For Sale In Islamabad I-10,
PKR,1.75 Crore,"I-10/4, I-10",4,5,4 Marla,I-10/4 Brand New House Double Storey Beautiful House For Sale,"Near By Markaz VVip Location Pindi Face 4Bed 5Bath 2 D/D Tv,L Deal To Owner Urgent Sale I-10/4... more"
PKR,2 Crore,"I-10/1, I-10",5,5,5.6 Marla,Back Open Brand New Open Face House For Sale,
PKR,4.15 Crore,"I-10, Islamabad",9,10,8 Marla,30×60 Furnished Triple Storey House Near To Markaz Near To Mosque Outclass Location For Sale,30X60 THIRPLE Story FURNISHED HOUSE For Sale 9 BEDROOMS 10 BATHROOMS 3 kitchen 3 TV LOUNGE ... more
PKR,1.48 Crore,"I-10/2, I-10",4,4,4 Marla,I-10/1 Size 20X40 House For Sale,I-10-1 size 20X40 House for sale 4 bed room Drawing dining 4 bath with kitchen Reasonable Price. ... more
PKR,2.95 Crore,"I-10, Islamabad",5,7,8 Marla,I-10/1 Double Storey House Near To Markaz Near To Mosque For Sale,Double Story House Is Availiable For Sale In l-10/1 Islamabad. 5 BEDROOMS 7 BATHROOMS Double... more
PKR,2.5 Crore,"I-10/4, I-10",7,7,5.6 Marla,1250 Square Feet House In I-10,
PKR,1.15 Crore,"I-10/1, I-10",4,3,4 Marla,Double Storey House Size 25x40 For Sale I-10-1,"Double storey size 25,40 for sale 4 bed room 3 bath with kitchen I-10-1 size 25,40 Take it from us,... more"
PKR,1.65 Crore,"I-10/1, I-10",4,4,4 Marla,Size 20x40 0 Double Storey For Sale I-10-1 Corner House,Double storey size 20x40 and corner house In i-10-1 4 bed room Drawing dining 4 bath with kitchen... more
PKR,1.48 Crore,"I-10, Islamabad",3,5,4 Marla,I-10 Islamabad Brand New Double Storey House For Sale,5 bedroom 3 bath 2 kitchen 2 tv lounge Car porch water boring Deal to Direct owner Another ... more
PKR,1.45 Crore,"I-10, Islamabad",4,4,4 Marla,Ideal Location Brand New Double Storey House In I-10/1 Near Markz,4 Bed Room 4 Bath 2 Kitchen Car Porch Water Boring Separate Way Separate Portion Meeting... more
PKR,2.65 Crore,"I-10, Islamabad",5,5,6 Marla,Brand New Open Face Double Storey Available For Sale In I-10,Brand New Open Face Double Storey In I-10 Beautiful Location Double Story 5 Bedroom With 5 Attach... more
PKR,1.9 Crore,"I-10, Islamabad",6,4,5 Marla,Beautiful Location 5 Marla Double Storey With Extra Land For Sale In I-10,Beautiful Location Beautiful Double Storey With Extra Land Available For Sale In I-10 Ground... more
PKR,2 Crore,"I-10/4, I-10",4,4,5 Marla,5 Marla New House Double Storey For Sale,5 Marla Double unit new house is for sale Having 2 bed attach bath 1DD TVL and kitchen on First... more
PKR,2.35 Crore,"I-10, Islamabad",5,4,5 Marla,Brand New Sun Face House For Sale,A Beautifully Built House At Good Location Best location of I-10/4 25X50 Brand new double unit... more
PKR,2.25 Crore,"I-10/4, I-10",4,4,5 Marla,1125 Square Feet House In I-10 For Sale,
PKR,2.9 Crore,"I-10, Islamabad",5,6,7 Marla,Brand New 30x60 Double Storey For Sale In I10 Out Class Loaction,30X60 Double Story For Sale 5 Bed room 6 Bath room 2 kitchen 2 Tvl room 2 Drawing room Separate... more
PKR,1.95 Crore,"I-10/2, I-10",4,4,5.1 Marla,Double Storey House Size 25X50 For Sale In I-10/2,Brand New Double Storey Size 25X50 For Sale in I-10/2 4 Bed Room Drawing Dining 4 Bath With Kitchen... more
PKR,1.7 Crore,"I-10/2, I-10",4,4,6.7 Marla,2560 Pillar Styles Park Face Open Face House For Sale,
PKR,3.95 Crore,"I-10/2, I-10",7,10,8 Marla,30×60 Park Face Brand New Triple Storey House For Sale,Triple Story Brand New Park Face Top Location Tiles Floor House 7 Bedrooms 10 Bathrooms servant... more
PKR,2 Crore,"I-10/2, I-10",3,3,5.6 Marla,(25*50)corner Construction House Marble Floors Beautiful Location For Sale,New Construction House Corner With 5 Marla Extra Land 3 Bedrooms 3 Bathrooms 2 Drawing Room... more
PKR,1.65 Crore,"I-10/1, I-10",6,6,4.4 Marla,25×40 Corner Triple Storey Open Face New Construction House For Sale,
PKR,1.8 Crore,"I-10/4, I-10",4,5,4.4 Marla,Brand New House For Sale,
PKR,2.8 Crore,"I-10/4, I-10",5,6,6.7 Marla,25x60 Brand New House For Sale,
PKR,2.25 Crore,"I-10/1, I-10",6,6,5 Marla,I101 New 25x50 Corner Triple Storey House For Sale Back Open With Extra Land,
PKR,2.84 Crore,"I-10/4, I-10",4,5,6.7 Marla,(25x60) Brand New Open Face Near To Market Near To Mosque With Big Extra Land For Sale,Open Face Brand New House With Big Extra Land Big Car Parking Near To Market Near To Mosque Top... more
PKR,2.86 Crore,"I-10/1, I-10",5,7,8 Marla,30x60 Brand New Tiles Floor House For Sale,Brand New House Tiles Floor near To Markaz Near To Mosque 5 Bedrooms 7 Bathrooms 2 Kitchen 2... more
PKR,2.2 Crore,"I-10/2, I-10",5,4,6.7 Marla,25x60 Brand New House Near To Market Near To Mosque For Sale,Brand New House Near To Markaz Near To Mosque Beautiful Outstanding Location Beautiful House 5... more
PKR,2.18 Crore,"I-10/4, I-10",6,6,5.6 Marla,Triple Storey New Construction House For Sale 25x50,NEW CONSTRUCTION HOUSE 3 storey house TOP LOCATION IN 10 ISLAMABAD 6 BEDROOMS 6 BATHROOMS 3... more
PKR,1.45 Crore,"I-10/1, I-10",6,3,4.4 Marla,Corner Beautiful House Available For Sale,"In l-10, you can enjoy some great locational benefits. Seeking good investment opportunity starting... more"
PKR,2.25 Crore,"I-10/4, I-10",6,6,5.6 Marla,New Construction Triple Storey House For Sale,New Construction Triple Story House Near To Market Near To Mosque 6 Bedrooms 6 Bathrooms 3... more
PKR,2 Crore,"I-10, Islamabad",5,4,5 Marla,1125 Square Feet House In I-10 Best Option,
PKR,2.25 Crore,"I-10, Islamabad",4,4,6.7 Marla,House For Sale In I-10 Islamabad,25X60 Beautiful Marble Flooring Park Phase House For Sale In I 10 2 Near To Markaz. Accommodation 1... more
PKR,1.8 Crore,"I-10, Islamabad",4,4,4 Marla,Brand New House For Sale In I 10 4,25x40 Brand New House For Sale In I 10 4 2 Beds 2 Bath Drawing And Kitchen On Ground Floor 2... more
PKR,2.85 Crore,"I-10/1, I-10",6,7,6.7 Marla,Size 30-60 Brand New Double Storey For Sale I-10-1,I-10-1 30×60 6 BEDROOMS 7 BATHROOMS 2 DRINING room 2 TV Lounge 2 kitchen 2 car PARKING ... more
PKR,2.35 Crore,"I-10/4, I-10",5,5,5.1 Marla,I-10/4 Brand New Size 25X50 For Sale Ideal Location Available Out Class Location Double Storey,Brand new Double storey size 25X50 I-10/4 For the sale 4 bed room Drawing dining 5 bath with 2... more
PKR,1.95 Crore,"I-10/1, I-10",5,5,5.6 Marla,6 Marla Double Storey For Sale I-10/1 For Sale,Double storey size 25X60 for sale I-10 4 bed room Drawing dining 4 bath with kitchen and boring and... more
PKR,2.85 Crore,"I-10/4, I-10",6,6,5.6 Marla,Double Storey Size 25X60 Brand New For Sale,"Brand new Double storey size 25,60 for sale 6 bed room 2 Drawing dining 6 bath 2 kitchen Ideal... more"
PKR,1.74 Crore,"I-10, Islamabad",4,4,5.6 Marla,2550 Beautiful Duble Story House For Sale,Double Story House Is Availiable For Sale In l-10/1 Islamabad. 4 BEDROOMS 4 BEDROOMS Double... more
PKR,1.7 Crore,"I-10, Islamabad",2,2,8.4 Marla,House For Sale In I-10,Take a look at this 1900 Square Feet property and imagine you have found the best one for you.... more
PKR,2.7 Crore,"I-10/2, I-10",5,7,6.7 Marla,Brand New Double Storey House For Sale I-10/2,
PKR,2.9 Crore,"I-10, Islamabad",6,6,7 Marla,Brand New House For Sale,30*60 Brand New House For Sale In I 10. Accomodation Ground Floor 2 Beds Drawing Dinning And 3... more
PKR,2.9 Crore,"I-10/1, I-10",4,6,8 Marla,Brand New House For Sale In I101,"Brand New House For Sale In I-10/1.4bed, 6 Bath, 2 Tv Launch, 2 Drawing, 2 Kitchen, Near To Markaz.... more"
PKR,1.7 Crore,"I-10/1, I-10",0,0,3.5 Marla,20x40 Proper Corner Brand New House For Sale Near To Finish,
PKR,3.6 Crore,"I-10/4, I-10",0,0,8 Marla,30x60 Park Face Brand New House For Sale,30x60 Brand New Top Location Park Face Big Lawn Proper 2 Units 5 Bed Attach Bath 2 Drawing... more
PKR,1.75 Crore,"I-10/1, I-10",6,6,4 Marla,I-10-1 Size 25x40 Triple Storey House For Sale Brand New,Brand New Triple Storey House For Sale Brand New 6 Bed Room Drawing Dining 6 Bath 3 Kitchen And... more
PKR,2 Crore,"I-10/4, I-10",3,2,6 Marla,1350 Square Feet House Situated In I-10 For Sale,
PKR,1.5 Crore,"I-10/1, I-10",3,2,5 Marla,House For Sale In I101,"House For Sale In I-10/1 size: 25x50 3 Bed, 2 Bath, Dd, Double Kitchen, Terrace open Face 10 Step... more"
PKR,1.6 Crore,"I-10/1, I-10",5,5,4 Marla,Corner House Double Storey Size 25X40 For Sale I-10-1 Brand New,"Corner Home Brand New Double Storey Size 25,40 For Rent I-10/1 5 Bed Room Drawing Dining 5 Bath... more"
PKR,2.78 Crore,"I-10/4, I-10",5,6,6.7 Marla,(25*60)brand New First Entry House For Sale,Brand New House Top Location Tiles Floor House 5 Bedrooms 6 Bathrooms 2 Kitchen 2 Drining Room ... more
PKR,3.25 Crore,"I-10/2, I-10",6,9,8 Marla,Corner Brand New Open Face House For Sale,BRAND NEW CORNER park face NEAR to MARKET NEAR to MOSQUE thirp story house 6 BEDROOMS 9... more
PKR,1.5 Crore,"I-10/4, I-10",3,3,5 Marla,Double Storey 5 Marla House For Sale At Reasonable Price,Double Story House In Sector I-10/4 Size 25x50 Sun Face 3 Bed Drawing/ Dining TV Lounge Kitchen 1... more
PKR,1.55 Crore,"I-10/1, I-10",5,4,5 Marla,House Is Available For Sale,Ground Floor 2 beds Drawing room and 2 bathrooms and kitchen. First Floor 3Beds two Bath And... more
PKR,2.75 Crore,"I-10/4, I-10",4,5,5.6 Marla,Double Storey House I-10-4 With Extra Land,Double Storey corner House 5 Marla with Extra Land 4bed Dd Tv Lounge 5bath Double Kitchen ... more
PKR,1.75 Crore,"I-10/4, I-10",3,3,6.7 Marla,25x60 Renovated Open Face House Near To Market Near To Mosque For Sale,BEAUTIFUL HOUSE NEAR TO MARKET NEAR TO MOSQUE size 25x60 3 BEDROOMS 3 BATHROOMS DRINING room ... more
PKR,1.6 Crore,"I-10/1, I-10",5,4,4 Marla,Ideal Location Corner Double Brand New In I-10 Islamabad,This 900 Square Feet-sized property will definitely suit your requirements. If you want property... more
PKR,1.5 Crore,"I-10/1, I-10",4,4,3.6 Marla,Brand New House Near To Market Near To Mosque For Sale,Brand New House Near To Mosque Near To Market 4 Bedrooms 4 Bathrooms car Parking 50 Fit Road 2... more
PKR,1.35 Crore,"I-10/1, I-10",4,2,4.4 Marla,Corner Beautiful House Available For Sale,"Whatever your property needs are in Islamabad, we may have some great varieties for you. Your... more"
PKR,1.75 Crore,"I-10/2, I-10",4,4,5.6 Marla,I 10 2 Size 25x60 House For Sale Ideal Location Available,I-10-2 Size 25X60 House For Sale 4 Bed Room Drawing Dining 4 Bath With Kitchen Please Feel Free To... more
PKR,1.8 Crore,"I-10, Islamabad",5,4,5.6 Marla,New House For Sale,25*50 New House For Sale In I 10 with 10 marla extra land. Accommodation 2 Bed Drawing Dinning And... more
PKR,1.65 Crore,"I-10/1, I-10",6,6,4 Marla,Ideally Located House For Sale In I-10/1,Beat Investment Opportunity Just Buy &amp; Live Three Independent Units With All Facilities Only... more
PKR,2.75 Crore,"I-10/4, I-10",5,7,6.7 Marla,2560 Brand New House More Beautiful Extra Beautiful House For Sale,Brand New House Tiles Floor 5 Bedrooms 7 Bathrooms 2 Drining Room 2 Kitchen 2 Tv Lounge 2 Car... more
PKR,1.75 Crore,"I-10/4, I-10",3,3,6 Marla,Ideally Located House For Sale,Best Investment Opportunity just Buy And Live only Serious People May Contact want The Perfect... more
PKR,2.9 Crore,"I-10/1, I-10",6,5,8 Marla,Beautiful Brand New House 7 Marla Is Available For Sale,"sector i-10/1 double story size 30x60 tile flooring 6 bed 5 bath 2 kitchen Tv lounge, Drawing,... more"
PKR,4.25 Crore,"I-10, Islamabad",9,9,7 Marla,Brand New Corner Triple Storey House With Extra Land,Beautiful Corner Triple Story House with Extra land three independent unit very nice location... more
PKR,1.9 Crore,"I-10/1, I-10",4,4,5.6 Marla,New Construction House For Sale,New Construction House 4 Bedrooms 4 Attached Bathrooms 2 Dining Room 2 TV Lounge tiles Floor ... more
PKR,2.2 Crore,"I-10/2, I-10",5,5,6 Marla,1350 Square Feet House In I-10/2 Is Available,
PKR,2.2 Crore,"I-10/4, I-10",4,4,5 Marla,New Double Storey House For Sale,Newly Constructed Double Unit House 2 Bed Attach Bath Kitchen TVL D. D On Each Floor 2... more
PKR,2.1 Crore,"I-10/4, I-10",4,4,5 Marla,New Double Storey House For Sale,Newly Constructed Double Storey House 2 Bed Attach Bath TVL D. D Kitchen On Each Floor Rental... more
PKR,1.6 Crore,"I-10/4, I-10",3,3,5 Marla,House For Sale,"I-10/4 House Is Available For Sale at Ideal Location. 3 Bedrooms With Attach Bath Tv Lounge , D/d ... more"
PKR,2.8 Crore,"I-10/1, I-10",0,0,9.3 Marla,I 101 Used House For Sale,We are providing the best consultation in buying and selling property in #bahria_town phase 1 to 8... more
PKR,1.9 Crore,"I-10, Islamabad",5,5,5 Marla,House for sale in i 10,25#50 house for sale in i 10 just like brand new house 2 beds driwing dining and attach 2 baths or... more
PKR,2 Crore,"I-10/2, I-10",6,9,5 Marla,Nice Located Triple Storey House For Sale,Nice Located Triple Story 3 Unit House With 6 Bedrooms 3 Dd 3 TV Lounge 3 Kitchen 9 Attached... more
PKR,1.75 Crore,"I-10/1, I-10",3,3,5 Marla,5 Marla House In I-10 Best Option,The deal for 5 Marla House is a treat for serious buyers. This is the best opportunity for you to... more
PKR,2.25 Crore,"I-10/4, I-10",6,6,5.6 Marla,House Is Available For Sale In I-10,New Construction Thirple Story House marble Floors 6 Bedrooms 6 Bathrooms 3 Drining Room 3 Tv... more
PKR,2.85 Crore,"I-10/4, I-10",4,4,6 Marla,House Is Available For Sale,House Available For Sell Beautiful Brand New House Ideal Location Near To Mosque Market School... more
PKR,1.45 Crore,"I-10, Islamabad",6,3,4 Marla,Corner Triple Storey House For Sale In I-10,CORNER TRIPLE STOREY HOUSE FOR SALE Open Basement Separate Gate CDA Transfer Single Owner House ... more
PKR,2.9 Crore,"I-10, Islamabad",5,6,9.3 Marla,Brand New Double Storey House For Sale In I-10/1 Islamabad,"A beautifully designed and solidly built 2100 Square Feet House for Sale in the heart of , I-10/1... more"
PKR,2.4 Crore,"I-10/4, I-10",5,5,5 Marla,House Available For Sale In I-10/4,"House For Sale In CDA Sector I- 10/4 Islamabad. New Beautiful 5 Marla House, Beautiful Or Luxury... more"
PKR,1.62 Crore,"I-10/2, I-10",3,3,6 Marla,Double Storey 6 Marla Sun Face House For Sale At Reasonable Price,Double Story Old House Livable 3 Bed 3 Bath 1 Kitchen Car Parking Sun Face Front Tyres Good... more
PKR,2.9 Crore,"I-10, Islamabad",5,6,8 Marla,30x60 Main Road Front Back Open For Sale In I-10 Main Road,
PKR,1.8 Crore,"I-10, Islamabad",4,4,6 Marla,Brand New 6 Marla House Is Available For Sale In Sector I102 Islamabad,"A Well-Designed 6 Marla House Is Available For Sale In , I-10/2, Islamabad. The House Is Equipped... more"
PKR,2.85 Crore,"I-10, Islamabad",5,5,8 Marla,New Style Beautiful House Front Back Open With Extra Land,8 Marla Beautiful House i-10/1 Main Road Double story size 30x60 marble flooring Front back open... more
PKR,1.9 Crore,"I-10/2, I-10",4,4,6.7 Marla,25x60 Double Storey House Pillar Style Near Chambeli Road,Sector I-10.2 Street# 27. Double storey House Pillar style full covered house For Sale size 25x60... more
PKR,1.3 Crore,"I-10/1, I-10",4,3,4.5 Marla,I-10/1 Double Storey 25x40 House For Sale,CDA sector I-10/1 st 62 Double storey House Double unit Double Kitchen separate entrance. . ... more
PKR,1.9 Crore,"I-10/2, I-10",4,4,6.7 Marla,25x60 Double Storey House Pillar Style Near Chambeli Road,Sector I-10.2 Street# 27. Double storey House Pillar style full covered house For Sale size 25x60... more
PKR,1.95 Crore,"I-10/2, I-10",5,5,6.7 Marla,Pillar Style Double Storey 25x60 Double Unit House For Sale,CDA Sector I. 10.2 Full covered House size 25x60= 6 marla Double unit house total 5 bed roms 2 tv... more
PKR,1.3 Crore,"I-10/1, I-10",4,3,4.5 Marla,25x40 Double Storey House For Sale In I-10/1,I-10/1 Main markaz road Double storey House for sale size 25x40 extra space in front of house... more
PKR,1.95 Crore,"I-10/2, I-10",4,5,6.7 Marla,25×60 Double Storey House For Sale,25X60 Double Story For Sale 4 Bed room 5 Bath room 2 kitchen 2Tvl room 2 Drawing room ... more
PKR,3.4 Crore,"I-10/4, I-10",0,0,9.3 Marla,Brand New House For Sale In I-10/4 On 50 Ft Street,Brand New House For Sale In I-10/4 - 50 Ft Street Proper 2 Units 3 Bed Attach Bath Separate... more
PKR,4 Crore,"I-10 Markaz, I-10",5,4,7 Marla,Corner House Is Available For Sale,Beautiful house on beautiful location Corner house with 2 side big loan front car porch for 2 cars... more
PKR,1.75 Crore,"I-10, Islamabad",5,4,6.7 Marla,2560 Corner Duble Unit House For Sale,Just know that a purchasing opportunity like this doesn't come easy. This 1500 Square Feet House... more
PKR,1.6 Crore,"I-10/1, I-10",3,3,4.4 Marla,Corner Boulevard House For Sale In I-10/1 Size 25x40,I. 10/1 CDA Sector Corner Boulevard Main Road 2 Side Open 2 Gates 2 Kitchens 1 Bed ... more
PKR,1.3 Crore,"I-10/1, I-10",4,2,4.4 Marla,I-10/1 Street Corner House For Sale,CDA Sector I-10/1 St 56 Street corner 25x40 2 Gates 2 kitchen's Double story house Separate... more
PKR,3 Crore,"I-10, Islamabad",0,0,8 Marla,30x60 Triple Storey House Is Available For Sale,30x60 Triple Storey House Is Available For Sale 03 Side Corner 08 Bedrooms Very Reasonable Demand 3... more
PKR,2.7 Crore,"I-10, Islamabad",5,4,6 Marla,Brand New House For Sale,Brand new 25*60 brand new house for sale in i 10 park phase location. Accomodation ground floor 2... more
PKR,2 Crore,"I-10/4, I-10",6,5,6 Marla,I-10 House For Sale Sized 1350 Square Feet,
PKR,2.4 Crore,"I-10/2, I-10",0,0,6 Marla,House Is Available For Sale,"With the top-notch facilities available at the highly affordable price of Rs 24,000,000, this is an... more"
PKR,1.65 Crore,"I-10/4, I-10",0,0,5 Marla,House Is Available For Sale,"This property is definitely not a miss! So, buy it before it gets off of your radar. This property... more"
PKR,1.65 Crore,"I-10/1, I-10",3,3,5 Marla,House Is Available For Sale 50 Feet Road,House Is Available For Sale In I-10/1 Street No 17 50 Feet Road Double Storey House Ideal Location... more
PKR,3.3 Crore,"I-10/2, I-10",7,6,7 Marla,7 Marla Triple Story Park Facing House Is Available For Sale,House Is Available For Sale Ideal Location Corner front Open beautiful Solid Construction House... more
PKR,1.45 Crore,"I-10/1, I-10",4,3,4.4 Marla,Corner House For Sale In Street No 61 Sector I101 Islamabad,
PKR,1.9 Crore,"I-10/2, I-10",3,3,6 Marla,Double Storey House Available For Sale In I-10,If You Want An Environment Which Is Absolutely Secured And Peaceful Then It Is The Right Time And... more
PKR,1.75 Crore,"I-10/1, I-10",4,4,5 Marla,New Double Storey 5 Marla With Extra Land,"4 Bed Room 2 Dd 4 Bath Kitchen Car Porch You don't have to search further, as this is the best... more"
PKR,1.6 Crore,"I-10, Islamabad",3,2,5 Marla,Double Story 5 Marla House In I-10,Double Story 5 Marla House In I-10 Park Phase If You're Looking For 1125 Square Feet Properties... more
PKR,1.45 Crore,"I-10, Islamabad",5,4,4 Marla,Brand New Double Storey House For Sale - I-10,Brand New Double Storey House For Sale - I-10 5 Bed Room 4 Bath 2 Kitchen Car Porch Water Boring... more
PKR,2.4 Crore,"I-10/2, I-10",8,8,7 Marla,7 Marla Triple Storey New Investor Price In I-10/2,House Is Available For Sale. Ideal Location. Reasonable Price. It Is Sure To Be A Profitable... more
PKR,1.5 Crore,"I-10/1, I-10",4,5,4 Marla,Brand New Double Storey House In I-10/1 Near To Markaz Ideal Location,More Option Available If You Want To Live In An Environment Which Is Absolutely Secured And... more
PKR,2 Crore,"I-10, Islamabad",3,2,6.7 Marla,25x60 Corner House Available For Sale In I-10/4,
PKR,1.6 Crore,"I-10/4, I-10",4,3,5.1 Marla,Double Storey Size 25X50 For Sale I-10/4 Out Class Location,Double Storey Size 25x50 Double Storey For Sale 3 Bed Room Drawing Dining 3 Bath With Kitchen And... more
PKR,2.35 Crore,"I-10, Islamabad",5,6,6 Marla,Brand New 25x60 Double Storey For Sale In I10 Out Standing Near Markaz,House For Sale 5 Bed room 6 Bath room 2 Kitchen 2 Dining room 2 Drawing room Separate meter ... more
PKR,1.65 Crore,"I-10, Islamabad",6,6,5.1 Marla,Triple Storey House For Sale,"Triple Storey House For Sale I-10-1 Size 25,40 6 Bed Room Drawing Dining 6 Bath 3 Kitchen And... more"
PKR,2.36 Crore,"I-10/4, I-10",6,6,5.6 Marla,Triple Story New Construction Open Face House For Sale,Main Road Open Face New Construction Near To Market Near To Mosque Marble Floors 6 Bedrooms 6... more
PKR,1.4 Crore,"I-10/1, I-10",4,4,4.4 Marla,Beautiful House Near To Market Near To Mosque For Sale,Beautiful House Near To Market Near To Mosque 4 Bedrooms 4 Bathrooms 2 Drining Room 2 Kitchen ... more
PKR,1.65 Crore,"I-10/1, I-10",6,6,4.4 Marla,Corner Brand New Triple Storey House Front Open For Sale,"Take it from us, but it isn't every day that a House like this shows up on our radar. So we... more"
PKR,1.65 Crore,"I-10/2, I-10",3,3,6 Marla,Double Storey House Is Available For Sale,Double Storey 6 Marla Sun Face Investor Price The House you were looking for is now finally up for... more
PKR,1.6 Crore,"I-10, Islamabad",4,2,5 Marla,Ideal Location 5 Marla Double Story House Is Available For Sale In I-10/4 Islamabad,
PKR,3 Crore,"I-10/4, I-10",0,0,9.3 Marla,30x70 Cda Transfer House Is Available For Sale,You Cannot Find A Bargain More Reasonable Than This One In Islamabad. And Along With Its Reasonable... more
PKR,2.35 Crore,"I-10/4, I-10",4,4,5 Marla,Brand New Double Storey House For Sale,"25x50 Double Unit Sun Face . Near Main Service Road Having 4 Bed,4 Bath,2 D/D,2 Kitchen CDA... more"
PKR,1.6 Crore,"I-10/4, I-10",3,2,5 Marla,Nice Located Front Open 5 Marla House For Sale In Sector I-10/4 Islamabad,Nice Located Front Open 5 Marla House With 3 Bed Dd 02 Bathrooms Double Kitchen For Sale Situated... more
PKR,1.65 Crore,"I-10/2, I-10",3,3,5.6 Marla,I-10/2 Size 25X60 Double Storey For Sale,I-10/2 Size 25X60 Double Storey For Sale 3 Bed Room Drawing Dining 3 Bath With Kitchen Prime... more
PKR,2.25 Crore,"I-10/2, I-10",4,4,5.6 Marla,"Double Storey Size 25,60 For Sale I-10/2",Double Storey Size 25X60 For Sale I-10/2 4 Bed Room Drawing Dining 4 Bath With Kitchen And Boring... more
PKR,2.25 Crore,"I-10/2, I-10",4,4,5.6 Marla,Double Storey Size 25x60 Park Face House In I-10/2,Buying the right property for you has never been so easier! If you're looking for a property priced... more
PKR,1.7 Crore,"I-10, Islamabad",3,3,5 Marla,I-10/4 5 Marla House For Sale,
PKR,2.45 Crore,"I-10/4, I-10",4,4,5.6 Marla,Brand New Tiles Floor House For Sale,BRAND NEW HOUSE LOWER PORTION 2 BEDROOMS 2 ATTACHED BATHROOMS DRINING ROOM TV LOUNGE KITCHEN ... more
PKR,1.6 Crore,"I-10/1, I-10",3,2,5.6 Marla,i-10/1 (25X50) House Front Open Near To Markez,Double Storey size Five Marla 3 Bed Dubble Kitchen Double Kitchen Front Open Neat And Clean... more
PKR,1.65 Crore,"I-10/4, I-10",4,4,5.6 Marla,25x50 Open Face 40-feet Road Near To Markaz Near To Mosque For Sale,40-feet Road Open Face Beautiful House Beautiful Location 4 Bedrooms 4 Bathrooms 2 Kitchen 2... more
PKR,1.7 Crore,"I-10/2, I-10",4,3,5 Marla,Ideal Location 5 Marla Double Story House On 50 Foot Street In I101 Islamabad,If you want to buy a property then don't miss out on this opportunity. Look no further as we have... more
PKR,1.45 Crore,"I-10/1, I-10",3,2,5 Marla,Ideal Location 5marla Double Storey In I10 Islamabad,Ideal Location Marla Double Story In I-10 3 Bed Room 2 Kitchen 2 Bath Car Porch Terrace Style Very... more
PKR,1.75 Crore,"I-10, Islamabad",3,3,4 Marla,900 Square Feet House For Sale In I-10,
PKR,1.8 Crore,"I-10/1, I-10",5,3,6 Marla,1350 Square Feet House Is Available For Sale,
PKR,1.35 Crore,"I-10/1, I-10",4,4,4.4 Marla,Triple Storey Size 25*40 For Sale In I-10-1,Triple story House For Sale I-10-1 6 bed room 4 bath 2 kitchen and carpking Please Feel Free To... more
PKR,1.16 Crore,"I-10/1, I-10",4,4,4 Marla,900 Square Feet House For Sale In Beautiful I-10,
PKR,2.35 Crore,"I-10/4, I-10",6,6,5.1 Marla,6 Marla Brand New For Sale I-10/4,Brand new Double storey size 25X60 6 bed room Drawing dining 6 bath with 2 kitchen and boring and... more
PKR,1.2 Crore,"I-10/1, I-10",5,2,4 Marla,4 Marla Double Storey House For Sale,"4 Marla House is available for sale Having sun-Face Very near to park Double unit house, 2 bed... more"
PKR,3.25 Crore,"I-10/2, I-10",8,8,9 Marla,9 Marla Triple Storey Extra Land Corner House,9 Marla Triple storey Corner house is available for sale Corner house with back open and Extraland... more
PKR,1.3 Crore,"I-10/1, I-10",4,3,4 Marla,25x40 Double Unit House For Sale,"nice location,near markaz sun face house double unit house,fully covered Best Option For Living... more"
PKR,2.25 Crore,"I-10/4, I-10",6,6,5.1 Marla,Brand New Triple Storey House For Sale,"Triple storey House For Sale Brand New In I-10-4 Size 25,50 6 bed room 6 bath 3 Drawing dining 3 TV... more"
PKR,1.55 Crore,"I-10/4, I-10",3,3,5.1 Marla,I-10/4 Size 25X50 House For Sale Ideal Location,I-10/4 Size 25-50 House For Sale 3 Bed Room Drawing Dining 3 Bath With Kitchen And Boring ... more
PKR,1.24 Crore,"I-10/1, I-10",3,3,4 Marla,I-10 House Sized 900 Square Feet Is Available,
PKR,2.5 Crore,"I-10/4, I-10",5,5,5.1 Marla,Brand New Double Storey Size 25X50 For Sale In I-10/4,Brand new Double storey size 25X50 4 bed room Drawing dining 4 bath with 2 kitchen Please Feel... more
PKR,1.35 Crore,"I-10/1, I-10",4,2,4 Marla,I-10/1 Main Service Road 25x40 House For Sale,"House is located on service road of I-10, having double story house, Fully covered house two... more"
PKR,2.24 Crore,"I-10/2, I-10",5,4,6.7 Marla,2560 New Construction House Near To Markaz Near To Mosque Near To Chambeli Road For Sale,NEW CONSTRUCTION HOUSE NEAR TO MARKET NEAR TO MARKET BESIDES OF CHAMBELI PARK 5 BEDROOMS 4... more
PKR,1.6 Crore,"I-10/1, I-10",0,0,4.5 Marla,House For Sale At I-10/1,
PKR,1.75 Crore,"I-10, Islamabad",4,4,6 Marla,Corner Double Storey House Available For Sale In I10,"Sector I-10/2 Corner Double Storey House 3 Bed 3 Bath Kitchen Tv Lounge , Drawing/ Dining Car... more"
PKR,1.5 Crore,"I-10/2, I-10",6,6,6.7 Marla,Double Unit House Is Available For Sale,25x60 House Having 6 Beds with attached baths TV Lounge Drawing/Dining Room Take it from us: any... more
PKR,1.6 Crore,"I-10/2, I-10",4,4,6.7 Marla,I-10/2 Pillar Style Double Storey House For Sale,CDA sector I-10/2 size 25x60=167 sq yd 6 Marla. . Pillar style Double storey house CDA transfer ... more
PKR,1.5 Crore,"I-10, Islamabad",3,3,6 Marla,House In I-10 Sized 6 Marla Is Available,Take it from us: any real estate offer in I-10 should figure near the top of your priority list. If... more
PKR,1.7 Crore,"I-10, Islamabad",3,3,6 Marla,Stunning 6 Marla House In I-10 Available,"Trust us when we say, this property at Rs 17,000,000 is the best investment you could wish for!... more"
PKR,1.7 Crore,"I-10, Islamabad",3,3,6 Marla,I-10 House Sized 6 Marla,Recent real estate projects have increased the number of investment opportunities in I-10.... more
PKR,1.5 Crore,"I-10, Islamabad",3,3,6 Marla,6 Marla House Is Available For Sale In I-10,The city of I-10 is ideal for the people looking to start a new chapter in their lives. This... more
PKR,2.8 Crore,"I-10, Islamabad",4,4,6 Marla,Good 6 Marla House For Sale In I-10,"Trust us when we say, this property at Rs 28,000,000 is the best investment you could wish for.... more"
PKR,2.8 Crore,"I-10, Islamabad",4,4,6 Marla,6 Marla House Up For Sale In I-10,"Whatever your property needs are in I-10, we may have some great varieties for you. When you have a... more"
PKR,1.9 Crore,"I-10, Islamabad",4,4,6 Marla,House Of 6 Marla For Sale In I-10,It's best to buy this property in order to get lucrative return on your investment. It is your... more
PKR,1.9 Crore,"I-10, Islamabad",4,4,6 Marla,Affordable House For Sale In I-10,The location of I-10 is the most coveted address in the city. We have the right House available on... more
PKR,1.5 Crore,"I-10/1, I-10",0,0,6 Marla,Demolished House Is Available For Sale,"With property in I-10, you'll live the life of your dreams. The area is 6 Marla, you were in... more"
PKR,1.85 Crore,"I-10/2, I-10",0,0,6 Marla,Double Storey House Is Available For Sale,"Don't miss out on these 6 Marla units. Avail a well-suited option today. Stop searching further,... more"
PKR,1.45 Crore,"I-10/1, I-10",0,0,5 Marla,Double Storey House Is Available For Sale,"This property at Rs 14,500,000 is just what you need to start a better life! The Islamabad has a... more"
PKR,2.5 Crore,"I-10/1, I-10",5,4,6 Marla,Brand New Double Story 6 Marla In I101 Ideal Location In,"4 bed room 2 dd 5 bath 2 kitchen porch Looking back, you'll know that buying this property was a... more"
PKR,1.2 Crore,"I-10/1, I-10",4,2,4 Marla,House Sized 4 Marla Is Available For Sale In I-10,Looking for the most trusted 4 Marla options. Here is something to consider. The market trends... more
PKR,1.2 Crore,"I-10/1, I-10",4,2,4 Marla,House Sized 4 Marla Is Available For Sale In I-10,"This House has good value for money. Yes, you heard right. This House is situated at the heart of... more"
PKR,1.2 Crore,"I-10/1, I-10",4,2,4 Marla,4 Marla House For Sale In Beautiful I-10,Now is the perfect time to buy property in I-10/1. The property covers an area of 4 Marla which is... more
PKR,2 Crore,"I-10/2, I-10",3,3,6 Marla,Park Face Terrace Style House For Sale,"3 beds and 3 washrooms, kitchen and terrace. size 25*60, very neat and clean house, Very peaceful... more"
PKR,2.55 Crore,"I-10/4, I-10",4,4,8 Marla,8 Marla House In I-10 For Sale At Good Location,Searching for a great property to buy? Explore this one! Purchase it while you still can because... more
PKR,1.7 Crore,"I-10/1, I-10",3,3,6 Marla,Affordable House For Sale In I-10,"Your search for property priced at Rs 17,000,000 is now over! Living or investing in I-10 has its... more"
PKR,1.7 Crore,"I-10, Islamabad",3,3,6 Marla,6 Marla House Ideally Situated In I-10,"Look no further as we have listed the best House just for you! If you want to buy this property,... more"
PKR,1.9 Crore,"I-10, Islamabad",4,4,6 Marla,6 Marla House In I-10 For Sale,This listing let you choose the perfect 6 Marla property for you. The city of I-10 awaits you to... more
PKR,1.15 Crore,"I-10/1, I-10",4,2,4.4 Marla,25×40 Double Storey House Marble Floors For Sale,25X40 Double Story For Sale 4 BEDROOMS 2 Bath room 2 kitchen More detail call me More option... more
PKR,1.2 Crore,"I-10/1, I-10",4,2,4 Marla,House For Sale Situated In I-10,"The deal for 4 Marla House is a treat for serious buyers. The price is set fairly at Rs 12,000,000.... more"
PKR,2.2 Crore,"I-10/4, I-10",4,4,6 Marla,6 Marla House For Sale In I-10,"This property at Rs 22,000,000 is just what you need to start a better life! This 6 Marla sized... more"
PKR,2.2 Crore,"I-10/4, I-10",4,4,6 Marla,I-10 House Sized 6 Marla For Sale,"With the top-notch facilities available at the highly affordable price of Rs 22,000,000, this is an... more"
PKR,2.2 Crore,"I-10/4, I-10",4,4,6 Marla,House Is Available For Sale In I-10,Take a look at this 6 Marla property and imagine you have found the best one for you. Buy the... more
PKR,2.2 Crore,"I-10/4, I-10",4,4,6 Marla,In I-10 House For Sale Sized 6 Marla,The perfect 6 Marla House is available for Sale now in I-10. The House like this does not pop up... more
PKR,2.4 Crore,"I-10/4, I-10",4,4,5 Marla,Stunning 5 Marla House In I-10 Available,"Right now is the time to buy this property. Follow the market trends, purchase your 5 Marla House... more"
PKR,2.4 Crore,"I-10/4, I-10",4,4,5 Marla,5 Marla House Available For Sale In I-10,The location of the property in I-10 makes it an ideal place to live. Hurry up because the price... more
PKR,2 Crore,"I-10/2, I-10",4,4,6 Marla,6 Marla House For Sale In I-10,"The number of 6 Marla options in the I-10 can be limited, so hurry up. Searching for the right... more"
PKR,2 Crore,"I-10/2, I-10",4,4,6 Marla,House For Sale In I-10,Moving to I-10/2? We have a perfect option for you. And in case you are seeking good investment... more
PKR,2.3 Crore,"I-10/2, I-10",4,4,6 Marla,6 Marla House Situated In I-10 For Sale,"If you are looking to buy some decent property to secure your future, this House on offer here... more"
PKR,1.2 Crore,"I-10/1, I-10",4,2,4 Marla,House For Sale In Beautiful I-10,The House being offered might just be the right pick for you. The city of I-10/1 offers it all; the... more
PKR,2.3 Crore,"I-10/2, I-10",4,4,6 Marla,House Of 6 Marla For Sale In I-10,"Want comfort, convenience, and serenity? I-10 offers it all. The ideal place for family living made... more"
PKR,1.9 Crore,"I-10/2, I-10",4,4,6 Marla,In I-10 House Sized 6 Marla For Sale,"Buy your property today and be a lucky owner. The price of Rs 19,000,000 is very justified and can... more"
PKR,1.9 Crore,"I-10/2, I-10",4,4,6 Marla,6 Marla House In I-10 Best Option,Seeking a comfortable lifestyle with high-end facilities? Come visit I-10. This 6 Marla sized... more
PKR,1.8 Crore,"I-10/1, I-10",3,3,5 Marla,5 Marla House Is Available In I-10,Book your 5 Marla House today to mark the beginning of your prosperous future. Trust us when we say... more
PKR,1.8 Crore,"I-10/1, I-10",3,3,5 Marla,5 Marla House In I-10 For Sale At Good Location,"This listing from I-10 is perfect for you and your family. For sure, you have found the perfect... more"
PKR,1.9 Crore,"I-10/1, I-10",4,4,5 Marla,5 Marla House Is Available For Sale In I-10,Another piece of property just came up in I-10. Take a chance and it may just be yours at a moments... more
PKR,1.9 Crore,"I-10/1, I-10",4,4,5 Marla,Ideal House For Sale In I-10,"This property available for as low as Rs 19,000,000 right now has the potential to shoot up in... more"
PKR,1.2 Crore,"I-10/1, I-10",4,2,4 Marla,Affordable House For Sale In I-10,The House you have been looking to purchase is up for grabs. Looking for your dream property on a... more
PKR,1.8 Crore,"I-10/4, I-10",4,4,4 Marla,Affordable House For Sale In I-10,"Looking for your dream property on a budget? Check out your option, priced at Rs 18,000,000 . You... more"
PKR,1.65 Crore,"I-10/4, I-10",3,3,5 Marla,5 Marla House For Sale In I-10,"The price of Rs 16,500,000 is very justified and can be perfect for your needs. With this House you... more"
PKR,2.55 Crore,"I-10/4, I-10",4,4,8 Marla,House For Sale Situated In I-10,This House is ideal for those of you who have been looking for such properties. Interested in 8... more
PKR,1.7 Crore,"I-10/1, I-10",3,3,6 Marla,6 Marla House Is Available For Sale In I-10,"The area is 6 Marla, you were in search of! This House worth Rs 17,000,000 is an ideal option for... more"
PKR,1.2 Crore,"I-10/1, I-10",4,2,4 Marla,Ideal House For Sale In I-10,The deal cannot get any better than this for serious buyers. The end users find I-10 the best place... more
PKR,1.2 Crore,"I-10/1, I-10",4,2,4 Marla,Good 4 Marla House For Sale In I-10,"The House you were looking for is now finally up for grabs. Hurry up to purchase it at Rs 12,000... more"
PKR,1.2 Crore,"I-10/1, I-10",4,2,4 Marla,4 Marla House In I-10 For Sale,"With a price like Rs 12,000,000, there is literally no reason for you to look anywhere else. Take... more"
PKR,1.5 Crore,"I-10, Islamabad",3,3,6 Marla,6 Marla House In I-10 Is Best Option,This part of I-10 ensures that the residents are close to everything they could ever need. The... more
PKR,1.5 Crore,"I-10, Islamabad",3,3,6 Marla,6 Marla House Is Available For Sale,"Whatever your property needs are in I-10, we may have some great varieties for you. Also, you'd be... more"
PKR,1.7 Crore,"I-10, Islamabad",3,3,6 Marla,House Available For Sale In I-10,"Are you looking for good amenities but want deals starting from Rs 17,000,000? Here are some... more"
PKR,1.9 Crore,"I-10, Islamabad",4,4,6 Marla,Stunning 6 Marla House In I-10 Available,"Your dream property is available for a reasonable Rs 19,000,000, so book it now! This 6 Marla House... more"
PKR,1.35 Crore,"I-10/1, I-10",0,0,6 Marla,1350 Square Feet House In I-10 For Sale,
PKR,2.5 Crore,"I-10/4, I-10",0,0,9.3 Marla,30x70 House For Sale In I-10/4,50 Ft Road Top Location 30x70 Single Storey House For Sale Good Location Reasonable Demand ... more
PKR,2 Crore,"I-10/4, I-10",5,5,5 Marla,5 Marla Brand New House For Sale,Brand new 5 marla double storey house is for sale Having sun-face Near to markaz All facilities are... more
PKR,1.2 Crore,"I-10/1, I-10",0,0,4 Marla,Ideal House For Sale In I-10,"The demand price is set pretty reasonably at Rs 12,000,000. This 4 Marla property is great for your... more"
PKR,1.2 Crore,"I-10/1, I-10",0,0,4 Marla,4 Marla House For Sale In I-10,"Know that this House right here is only a click away, so we recommend that you make haste to claim... more"
PKR,2.8 Crore,"I-10, Islamabad",0,0,6.7 Marla,1500 Square Feet House Is Available For Sale In I-10,"Moving to I-10? We have a perfect option for you. If you're really looking for a property in I-10,... more"
PKR,1.9 Crore,"I-10, Islamabad",0,0,6.7 Marla,1500 Square Feet House In I-10 Best Option,This could be your chance to buy such a precious real estate asset. This 1500 Square Feet-sized... more
PKR,1.7 Crore,"I-10, Islamabad",0,0,6.7 Marla,Perfect 1500 Square Feet House In I-10 For Sale,This property is at the top of our offers for a reason - we believe the buying process for this... more
PKR,1.5 Crore,"I-10, Islamabad",0,0,6.7 Marla,House Of 1500 Square Feet For Sale In I-10,This I-10 is widely hailed as having some of the best properties. We strongly urge you to consider... more
PKR,1.9 Crore,"I-10/4, I-10",3,2,6 Marla,Nice Location 25x60 Double Storey House For Sale,"A Nice Located Double Storey House Near Main Road Having 3 Bed, Drawing Dining 2 Bath CDA Transfer... more"
PKR,3.1 Crore,"I-10/4, I-10",5,5,8 Marla,Double Storey House Available For Sale,A House you have been looking to buy for years is available for sale and right now its price is... more
PKR,2 Crore,"I-10/4, I-10",4,4,5 Marla,Double Storey House Available For Sale,We have the best Islamabad property you're looking for. This 1125 Square Feet House suits savvy... more
PKR,1.55 Crore,"I-10/1, I-10",3,3,5 Marla,Double Storey House Available For Sale,"For a convenient and community-oriented lifestyle, I-10 is perfect. Right now is the time to buy... more"
PKR,2.8 Crore,"I-10/4, I-10",0,0,7 Marla,Double Storey House Available For Sale,"With the top-notch facilities available at the highly affordable price of Rs 28,000,000, this is an... more"
PKR,1.6 Crore,"I-10/1, I-10",3,3,5 Marla,Double Storey House Available For Sale,"For sure, you have found the perfect property for yourself in Islamabad. Looking to buy this... more"
PKR,1.5 Crore,"I-10/4, I-10",3,3,5 Marla,Double Storey House Available For Sale,"Take a look at the best property from I-10 in this page. Make the right decision, buy your property... more"
PKR,2.8 Crore,"I-10/1, I-10",5,5,8 Marla,Double Storey House Available For Sale,If you are looking for property in Islamabad you don't want to miss the opportunity to buy this.... more
PKR,2.6 Crore,"I-10/4, I-10",4,4,8 Marla,Double Storey House Available For Sale,This listing from I-10 is perfect for you and your family. We know you were in for a treat the... more
PKR,1.5 Crore,"I-10, Islamabad",3,3,6 Marla,In I-10 House For Sale Sized 6 Marla,This is why veteran investors and classified buyers pick I-10 to buy property. And in case you are... more
PKR,1.7 Crore,"I-10, Islamabad",3,3,6 Marla,In I-10 House For Sale Sized 6 Marla,Here is a list of 6 Marla property best suited for your needs. The city of I-10 awaits you to offer... more
PKR,1.2 Crore,"I-10/1, I-10",4,2,4 Marla,Double Storey 4 Marla House For Sale,Beautiful location 4 Marla double story is for sale Having 2 Bed one bath and kitchen on First... more
PKR,1 Crore,"I-10, Islamabad",2,1,5 Marla,1125 Square Feet House In I-10 Best Option,
PKR,2.9 Crore,"I-10, Islamabad",6,6,7 Marla,7 Marla House In Central I-10 For Sale,"Ideally situated in I-10, this is an investment opportunity like no other. The number of 7 Marla... more"
PKR,1.55 Crore,"I-10, Islamabad",0,0,5 Marla,House For Sale In Beautiful I-10,Double storey house available for sale The I-10 based property has arrived just for you. In this... more
PKR,2.9 Crore,"I-10, Islamabad",6,6,7 Marla,1575 Square Feet House Is Available In I-10,
PKR,1.2 Crore,"I-10/1, I-10",4,2,4 Marla,House Is Available For Sale In I-10,"We are offering this prime location House at reasonable price. At Rs 12,000,000, you cannot find a... more"
PKR,1.7 Crore,"I-10/1, I-10",4,4,5 Marla,5 Marla House In I-10 For Sale At Good Location,"Corner front open Purchase it while you still can because the quoted price of Rs 17,000,000 might... more"
PKR,2.05 Crore,"I-10/2, I-10",4,4,6 Marla,Stunning 6 Marla House In I-10 Available,Corner extra land Your search for properties sized 1350 Square Feet is now over! Go through this... more
PKR,2 Crore,"I-10/2, I-10",4,3,6 Marla,House Of 6 Marla Available In I-10,This I-10 hosts several decent properties. Take our word of advice and check it out. Buying this... more
PKR,2.7 Crore,"I-10/2, I-10",4,7,6 Marla,I-10 House Sized 6 Marla For Sale,"Brand new house Double unit Want to buy a property? Well, search no more, because we've got you... more"
PKR,1.7 Crore,"I-10/1, I-10",4,4,6.7 Marla,Double Storey 25x60 House For Sale,"Ideal location near to Park, School located in Street 92 Rawalpindi face If you wish to purchase a... more"
PKR,1.95 Crore,"I-10/2, I-10",0,3,6 Marla,Park Face House For Sale I-10/2,Park Face House For Sale I-10/2 Street 34 Main markaz road park and Street 10 Ideal location... more
PKR,1.3 Crore,"I-10/1, I-10",4,3,4.4 Marla,Nice Located Corner House For Sale In Sector I-10/1 Islamabad,Corner House size 25x40 For Sale In Sector I-10 -1 Islamabad. . Please contact for more information... more
PKR,2.15 Crore,"I-10/4, I-10",6,6,5 Marla,Prime Located Triple Storey 7 Years Old House For Sale,Triple Storey House With 6 Bedrooms 6 Attached Bathrooms 3 Kitchen 3 TV Lounge Car Porch Marble... more
PKR,1.9 Crore,"I-10, Islamabad",4,4,6 Marla,House For Sale In Beautiful I-10,"Choose the best property option for you, with your required price tag of Rs 19,000,000. The House... more"
PKR,1.8 Crore,"I-10/2, I-10",4,4,5.8 Marla,I-10 House Sized 1296 Square Feet,
PKR,1.25 Crore,"I-10/1, I-10",0,0,4 Marla,4 Marla Double Storey House For Sale In I-10 Islamabad,House Is In Good Condition Water Gas Electricity Available Exchange Possible With Plot In B-17 ... more
PKR,1.5 Crore,"I-10/4, I-10",3,3,5 Marla,Double Storey House Available For Sale,Double storey house available for sale We bring you the best that real estate has to offer for... more
PKR,1.5 Crore,"I-10/4, I-10",3,3,5 Marla,Double Storey House Available For Sale,Double storey house available for sale Take a look at this 1125 Square Feet property and imagine... more
PKR,1.5 Crore,"I-10/4, I-10",3,3,5 Marla,Double Storey House Is Available For Sale,This 1125 Square Feet sized property will prove to be the perfect space for you to invest some (or... more
PKR,2.15 Crore,"I-10/4, I-10",0,0,6.7 Marla,The Best House Available For Living Purpose,"This property is available for Rs 21,500,000. You will be hard pressed to find a better deal. This... more"
PKR,1.8 Crore,"I-10/1, I-10",0,0,6.7 Marla,The Best House Available For Living Purpose,You cannot find a bargain more reasonable than this one in Islamabad. Property like this doesn't... more
PKR,1.8 Crore,"I-10/1, I-10",0,0,6.7 Marla,The Best House Available For Living Purpose,"You need to trust us when we state: a better, more reasonable, price offer than this property's Rs... more"
PKR,2.15 Crore,"I-10/4, I-10",0,0,6.7 Marla,The Best House Available For Living Purpose,"We've just got the perfect deal for you. If all of this wasn't enough, here's an important 1508 ... more"
PKR,1.55 Crore,"I-10/1, I-10",3,3,5.6 Marla,House Is Available For Sale In I-10/1,"Popular for its real estate stability, Islamabad offers some of the best investment opportunities.... more"
PKR,2.4 Crore,"I-10/4, I-10",4,5,5.6 Marla,Brand New Double Storey House For Sale At I-10/4,Brand New Double Storey Tile Flooring Sun Face Nearly Hospital Filter Plant 4 bed Drawing... more
PKR,2.6 Crore,"I-10/2, I-10",4,4,6.7 Marla,Single Unit Family Double Storey House For Sale,"House in I-10/2, Main Street, with 15 x 25 ft front area for car parking. 90% Area Covered. (1200... more"
PKR,1.7 Crore,"I-10/4, I-10",3,2,5 Marla,In I-10 House Sized 1125 Square Feet For Sale,
PKR,1.85 Crore,"I-10/2, I-10",4,4,6 Marla,6 Marla Double Storey House For Sale,"6 Marla Double Storey House For Sale, Next to Corner house and main street leading to I10 Parking... more"
PKR,1.9 Crore,"I-10/2, I-10",4,3,6 Marla,Corner House Avalible For Sale,"With a price like Rs 19,000,000, there is literally no reason for you to look anywhere else. The... more"
PKR,2 Crore,"I-10/4, I-10",4,3,5 Marla,I-10/4 Brand New House For Sala,"I-10/4 Brand New House For Sala Best location, near park Mosque. 4 rooms 3 baths Dring dining room... more"
PKR,2.85 Crore,"I-10/4, I-10",5,6,6 Marla,Brand New House For Sale,Just think this House has been specially curated for your requirements. If you're really looking... more
PKR,1.6 Crore,"I-10/1, I-10",3,3,5 Marla,House For Sale In I-10/1 Islamabad,"First contact before you like to visit, Make your lifestyle dreams come true in Islamabad. This... more"
PKR,2.25 Crore,"I-10/4, I-10",4,4,5.6 Marla,House For Sale In I-10,Hospital 1 street away 3 min drive to main markaz 7 min walking distance to markaz 2 near mosques... more
PKR,2 Crore,"I-10/1, I-10",4,5,4 Marla,4 Marla Brand New House For Sale,"For those who are trying to find 900 Square Feet properties, this is an option to consider! A... more"
PKR,1.75 Crore,"I-10/1, I-10",5,4,13.3 Marla,In I-10 House#165 Sized 3000 Square Feet For Sale Street#64,
PKR,1.6 Crore,"I-10/1, I-10",5,4,4.4 Marla,Brand New Corner House For Sale,"25*40 Brand New Double Story Corner House For Sale In I-10-1 5 Bedrooms, 4 Washrooms, 2 Kitchens... more"
PKR,2.5 Crore,"I-10/4, I-10",5,5,5 Marla,1125 Square Feet House Available For Sale In I-10,
PKR,2.6 Crore,"I-10/2, I-10",4,5,6 Marla,Brand New House For Sale,"Solid construction, Solid Diyar Wood Work, Master Tile, 4 Bedroom 2 T V lounge, 5 Bath rooms... more"
PKR,1.55 Crore,"I-10/1, I-10",4,4,5 Marla,House For Sale At Islamabad.,"You know, a similar 1125 Square Feet sized property can turn out to be really hard to find, so you... more"
PKR,1.25 Crore,"I-10/1, I-10",3,2,4.4 Marla,House Is Available For Sale,"This I-10 is currently at the top of our listings. Take our word, and sign up for it quickly.... more"
PKR,1.55 Crore,"I-10/4, I-10",3,4,5 Marla,House Is Available For Sale In I-10/4,House Is Available For Sale Good location. Near Mosque Market &amp; Center Genuine customers... more
PKR,2.3 Crore,"I-10/1, I-10",4,4,10 Marla,2250 Square Feet House Available For Sale In I-10,
PKR,1.65 Crore,"I-10/4, I-10",3,3,5.6 Marla,I-10 1250 Square Feet House Up For Sale,
PKR,2.25 Crore,"I-10, Islamabad",6,6,5 Marla,5 Marla House For Sale,New Construction 5 Marla Triple Story House For Sale In I-10 Interested Persons Welcome To Visit... more
PKR,1.6 Crore,"I-10/2, I-10",4,3,6 Marla,Piller Style House For Sale I-10/2,Piller Style House For Sale I-10/2 Accommodation 1 bed dd and TV launch 2 washroom ground floor 3... more
PKR,1.65 Crore,"I-10/1, I-10",3,3,6 Marla,House For Sale Size 25x60 Urgent Sale,"3 Bed, 3 Washroom, Two Lounges, Dinning Room, Sitting Room, Two Kitchen. Ideal Location. ... more"
PKR,2.35 Crore,"I-10/2, I-10",5,4,5 Marla,Two Storey Newly Renovated House For Sale,
PKR,2 Crore,"I-10, Islamabad",4,4,6 Marla,25x60 House For Sale,"With property in I-10, you'll live the life of your dreams. Your's desired House is up for sale.... more"
PKR,1.39 Crore,"I-10/1, I-10",4,4,4 Marla,House For Sale In I-10/1,Double Unit House In Good Condition Near Main Road And Petrol Pump Very Reasonable Price Urgent... more
PKR,1.9 Crore,"I-10/4, I-10",3,3,8 Marla,House Available For Sale In I-10,There is no lack of real estate avenues in Islamabad. Come and experience for yourself. A House you... more
PKR,2.7 Crore,"I-10/2, I-10",0,0,6 Marla,House Is Available For Sale,6 marla house for sale in i-10-2.3 floors including basement. Corner house. Get your chunk of... more
PKR,2 Crore,"I-10/2, I-10",3,3,6.6 Marla,House Is Available For Sale,"Three Bed, Three Washroom, Drawing Room, Living Area, Kitchen, Store, Mumty, Garage, Terraces. Open... more"
PKR,1.8 Crore,"I-10, Islamabad",5,3,5 Marla,5 Marla House Park Facing Lawn And Parking Area Including Basement,"50,000 rent per month rent already. We've just got the perfect deal for you. With an area of 1125 ... more"
PKR,2.5 Crore,"I-10/2, I-10",9,5,6 Marla,6 Marla House 7 Bedroom 5 Bathroom Triple Storey For Sale,Triple storey Nice Location Reasonable Price. Please Feel Free To Call Me If You Need Further... more
PKR,1.69 Crore,"I-10, Islamabad",4,3,6 Marla,House Is Available For Sale,Purchase your dream property in Islamabad. Buying this property today can save you from future... more
PKR,2.8 Crore,"I-10/1, I-10",4,6,9.3 Marla,Nice Located Brand New Corner House For Sale In Sector I-10/1 Islamabad,Nice Located Brand New St Corner Double Unit House Size 30x70 Situated On Main Service Road Sector... more
PKR,1.15 Crore,"I-10/1, I-10",1,2,5 Marla,House Is Available For Sale,Single Storey House Is Available For Sale In I-10 On Investor Rate. Accommodation : 2 Beds... more
PKR,1.35 Crore,"I-10/1, I-10",3,3,5 Marla,House Available For Sale,"Beautiful Location House For Sale Near Post Office, Markaz, Mosque Grab This Auspicious... more"
PKR,1.85 Crore,"I-10/1, I-10",5,3,6.7 Marla,Double Storey House For Sale In I-10.1,6 Marla Cda Transfer. On Name Of Ex-cda Officer. 2 Electric Meters (one 3 Phase Meter) 2 Gas... more
PKR,1.9 Crore,"I-10 Markaz, I-10",5,5,6 Marla,Contect Direct Owner House For Sale,5 Beds 5 Baths Separate Portions Separate Gas And Electricity Meters Water Bor Available Fully... more
PKR,2.25 Crore,"I-10, Islamabad",5,5,6.7 Marla,Double Storey House For Sale In I-10 Islamabad,Double Storey House For Sale In I-10 Islamabad With 5 bed D/D room 5 bath 2 kitchen Main... more
PKR,1.65 Crore,"I-10, Islamabad",4,3,6 Marla,I-10 House Is Available For Sale,
PKR,1.75 Crore,"I-10, Islamabad",4,4,6 Marla,6 Marla House For Sale In I-10,"Ground Floor: 2 Bed, D/D, 2 Bath, Kitchen. First Floor: 2 Bed, 2 Bath, DD, Kitchen. Rental... more"
